{
  "bleu_score": 0.9983836098882769,
  "chrf_score": 10.88031315701814,
  "ter_score": 103.03035274815421,
  "rouge1_f1": 0.10360421069737198,
  "rouge2_f1": 0.02432997930471295,
  "rougeL_f1": 0.09499396130596978,
  "meteor_score": 0.046698015751525976,
  "bert_precision": 0.8380649089813232,
  "bert_recall": 0.8332487344741821,
  "bert_f1": 0.835156261920929,
  "matched_files": 2936,
  "total_files": 2936,
  "timestamp": "2025-08-31T19:37:02.095477"
}